{
  "project_info": {
    "project_number": "216854684976",
    "project_id": "jelajah-nusantara-1",
    "storage_bucket": "jelajah-nusantara-1.appspot.com"
  },
  "client": [
    {
      "client_info": {
        "mobilesdk_app_id": "1:216854684976:android:c3e2bbf4552d1029a6d4f5",
        "android_client_info": {
          "package_name": "com.capstone.jelajahnusantara"
        }
      },
      "oauth_client": [
        {
          "client_id": "216854684976-94m1ggapr0bigdlm68028cqb6jkacgqa.apps.googleusercontent.com",
          "client_type": 1,
          "android_info": {
            "package_name": "com.capstone.jelajahnusantara",
            "certificate_hash": "1f8c60ea14f5a3d11c8ef2ec9bd88efc014ad552"
          }
        },
        {
          "client_id": "216854684976-adspcsqa3ub1qhr42kthmmncij9bt6a1.apps.googleusercontent.com",
          "client_type": 1,
          "android_info": {
            "package_name": "com.capstone.jelajahnusantara",
            "certificate_hash": "93ac65f814626d225235617f6959528d35f409de"
          }
        },
        {
          "client_id": "216854684976-dgfk7a7en3759aeshvpnai24sud9ms8d.apps.googleusercontent.com",
          "client_type": 1,
          "android_info": {
            "package_name": "com.capstone.jelajahnusantara",
            "certificate_hash": "2d85f7c09b4cd3147c316d202c671812dde78a55"
          }
        },
        {
          "client_id": "216854684976-pjjp028222pt8k5tccehbfdc2bppnur2.apps.googleusercontent.com",
          "client_type": 3
        }
      ],
      "api_key": [
        {
          "current_key": "AIzaSyDJzI-6TX9QGW4pU7xcUrrMCDo2G7X9OcM"
        }
      ],
      "services": {
        "appinvite_service": {
          "other_platform_oauth_client": [
            {
              "client_id": "216854684976-pjjp028222pt8k5tccehbfdc2bppnur2.apps.googleusercontent.com",
              "client_type": 3
            }
          ]
        }
      }
    }
  ],
  "configuration_version": "1"
}